{"cameraMode":{"drawMode":0,"name":"Shaded","section":"Shading Mode"},"sceneLighting":false,"audioPlay":false,"sceneViewState":{"showFog":true,"showMaterialUpdate":false,"showSkybox":true,"showFlares":true,"showImageEffects":true,"showParticleSystems":true},"in2DMode":false,"pivot":{"x":0.0,"y":-0.09999999403953552,"z":-0.05000000074505806},"rotation":{"x":0.10079485923051834,"y":0.2824629545211792,"z":-0.02985815331339836,"w":0.9535007476806641},"size":1.6582294702529908,"orthographic":false}