{"cameraMode":{"drawMode":0,"name":"Shaded","section":"Shading Mode"},"sceneLighting":false,"audioPlay":false,"sceneViewState":{"showFog":true,"showMaterialUpdate":false,"showSkybox":true,"showFlares":true,"showImageEffects":true,"showParticleSystems":true},"in2DMode":false,"pivot":{"x":0.19914931058883668,"y":0.5508444309234619,"z":-0.9484930634498596},"rotation":{"x":0.3034260869026184,"y":0.28960874676704409,"z":-0.09736242145299912,"w":0.9025408625602722},"size":0.9012181162834168,"orthographic":false}