{"cameraMode":{"drawMode":0,"name":"Shaded","section":"Shading Mode"},"sceneLighting":false,"audioPlay":false,"sceneViewState":{"showFog":true,"showMaterialUpdate":false,"showSkybox":true,"showFlares":true,"showImageEffects":true,"showParticleSystems":true},"in2DMode":false,"pivot":{"x":-2.0724971294403078,"y":-0.8459354043006897,"z":1.809702754020691},"rotation":{"x":0.13492704927921296,"y":-0.4100276827812195,"z":0.06147278845310211,"w":0.8999406695365906},"size":3.1670119762420656,"orthographic":false}