{"cameraMode":{"drawMode":0,"name":"Shaded","section":"Shading Mode"},"sceneLighting":false,"audioPlay":false,"sceneViewState":{"showFog":true,"showMaterialUpdate":false,"showSkybox":true,"showFlares":true,"showImageEffects":true,"showParticleSystems":true},"in2DMode":false,"pivot":{"x":0.3027046024799347,"y":0.6638410091400147,"z":0.683131217956543},"rotation":{"x":0.15119722485542298,"y":0.022225631400942804,"z":-0.0034031900577247144,"w":0.9882478713989258},"size":5.268527984619141,"orthographic":false}