{"cameraMode":{"drawMode":0,"name":"Shaded","section":"Shading Mode"},"sceneLighting":false,"audioPlay":false,"sceneViewState":{"showFog":true,"showMaterialUpdate":false,"showSkybox":true,"showFlares":true,"showImageEffects":true,"showParticleSystems":true},"in2DMode":false,"pivot":{"x":0.0,"y":0.7670000195503235,"z":-1.281999945640564},"rotation":{"x":0.3099779486656189,"y":0.21977047622203828,"z":-0.07388618588447571,"w":0.9220387935638428},"size":1.2012181282043458,"orthographic":false}