{"cameraMode":{"drawMode":0,"name":"Shaded","section":"Shading Mode"},"sceneLighting":false,"audioPlay":false,"sceneViewState":{"showFog":true,"showMaterialUpdate":false,"showSkybox":true,"showFlares":true,"showImageEffects":true,"showParticleSystems":true},"in2DMode":false,"pivot":{"x":0.006272226106375456,"y":-0.25977253913879397,"z":0.15498042106628419},"rotation":{"x":0.06926249712705612,"y":0.0014838738134130836,"z":-0.00010490149725228548,"w":0.9975973963737488},"size":3.4081871509552,"orthographic":false}